1101,1102,1216,1301,1303,1326,1402,1476,2002,2105,2207,2227,2301,2303,2308,2311,2317,2325,2330,2354,2357,2382,2395,2408,2409,2412,2454,2474,2801,2880,2881,2882,2883,2884,2885,2886,2887,2890,2891,2892,2912,3008,3045,3481,4904,4938,5880,6505,9904,1227,1319,1434,1440,1477,1504,1536,1589,1590,1605,1704,1707,1717,1722,1723,1789,1802,2015,2049,2059,2101,2106,2201,2204,2206,2231,2313,2324,2327,2344,2347,2352,2353,2356,2360,2362,2376,2377,2379,2385,2392,2448,2449,2451,2498,2501,2542,2603,2606,2609,2610,2615,2618,2707,2723,2809,2812,2823,2834,2845,2849,2867,2888,2903,2915,3034,3037,3044,3189,3231,3673,3682,3702,4137,4958,5264,5522,5871,6005,6176,6239,6269,6285,6409,6414,6415,6452,6456,8150,8454,8464,9907,9910,9914,9917,9921,9933,9938,9945
25.610000000000003,25.14,52.86,74.57999999999998,55.4,69.32000000000001,23.4,415.3,17.63,49.74,327.6,232.8,32.019999999999996,11.46,137.6,34.35,75.32,51.78,137.79999999999998,61.34,267.90000000000003,50.00000000000001,201.3,39.92,8.88,100.80000000000001,211.5,226.10000000000002,15.35,14.36,35.78,34.81,7.4399999999999995,16.67,10.18,19.75,10.39,8.338000000000001,14.69,14.399999999999999,206.8,2057.0,99.1,9.41,68.82,73.88,13.01,80.12,37.23,76.86,45.42,27.47,13.36,207.5,24.2,130.1,210.6,137.2,7.053999999999999,30.86,176.9,31.409999999999997,41.24,107.0,48.19,11.879999999999999,37.190000000000005,118.7,431.2,27.07,45.870000000000005,28.169999999999998,20.82,20.8,387.4,18.179999999999996,18.090000000000003,52.06,8.414000000000001,30.03,9.844,11.0,24.05,61.1,30.599999999999998,33.17,43.019999999999996,75.75999999999999,65.92,41.790000000000006,27.95,21.01,83.76000000000002,76.26,12.7,29.14,11.370000000000001,24.53,7.792,11.15,17.47,17.419999999999998,217.2,218.90000000000003,20.18,8.806000000000001,22.78,7.626,9.084,13.85,16.81,6.23,16.060000000000002,52.89999999999999,121.00000000000001,12.42,53.86,62.52,17.19,67.92,10.85,31.04,323.29999999999995,65.30000000000001,148.70000000000002,31.050000000000004,52.44,8.506,60.78,67.18,70.42,82.68,516.1999999999999,340.1,379.5,326.0,89.66,30.22,208.5,215.6,14.380000000000003,163.6,138.9,92.63999999999999,205.8,35.57000000000001,79.64,37.470000000000006
25.61,25.11,52.78,74.75999999999999,55.48,69.36,23.23,414.59999999999997,17.62,49.66,326.0,230.89999999999998,31.65,11.420000000000002,137.0,34.46,75.2,51.89999999999999,137.5,61.379999999999995,267.8,49.38,201.2,40.019999999999996,8.92,100.6,210.8,224.9,15.31,14.309999999999999,35.620000000000005,34.63,7.428,16.48,10.170000000000002,19.790000000000003,10.33,8.266,14.67,14.370000000000001,207.3,2053.0,98.74000000000001,9.437999999999999,68.56,73.46,12.969999999999999,80.76,36.86,76.46000000000001,45.24,27.42,13.35,206.39999999999998,24.15,130.9,214.6,135.2,7.046,31.02,176.9,31.4,41.06,106.2,48.07,11.82,37.18,118.20000000000002,430.50000000000006,27.0,45.75,28.090000000000003,20.8,20.82,389.5,18.13,18.02,51.8,8.358,29.83,9.867999999999999,10.959999999999999,23.89,61.18,30.55,33.25,42.839999999999996,75.52000000000001,65.36,41.64999999999999,28.03,20.96,83.54,76.16,12.71,28.990000000000002,11.35,24.490000000000002,7.79,11.119999999999997,17.5,17.38,216.89999999999998,218.59999999999997,20.13,8.802,22.71,7.61,9.058,13.85,16.8,6.196,16.009999999999998,52.8,120.60000000000002,12.36,53.9,62.44,17.14,67.97999999999999,10.760000000000002,30.839999999999996,324.4,64.96,149.3,30.810000000000002,52.620000000000005,8.48,60.25999999999999,66.88,70.26,83.62,515.4,341.5,379.5,327.6,89.66,30.049999999999997,208.5,215.5,14.389999999999997,161.89999999999998,138.1,92.53999999999999,205.8,35.44,79.12,37.32
25.62,25.14,52.720000000000006,74.82000000000001,55.52,69.38000000000001,23.15,413.8,17.62,49.769999999999996,325.20000000000005,231.0,31.71,11.489999999999998,137.1,34.6,75.30000000000001,51.879999999999995,138.1,61.54,268.20000000000005,49.61000000000001,201.10000000000002,40.129999999999995,8.92,101.0,211.5,225.39999999999998,15.3,14.28,35.69,34.67,7.508000000000001,16.54,10.18,19.88,10.3,8.308,14.649999999999999,14.350000000000001,207.9,2064.0,98.92,9.44,68.7,73.76,12.979999999999999,80.9,36.93000000000001,76.78,45.42,27.440000000000005,13.35,206.5,24.17,133.9,218.0,136.1,7.054,30.869999999999997,177.5,31.4,40.97,106.0,48.19,11.810000000000002,37.2,119.5,429.9,27.03,45.75,28.06,20.830000000000002,20.9,391.7,18.159999999999997,18.08,51.980000000000004,8.338000000000001,29.92,9.892,10.96,23.979999999999997,61.3,30.570000000000004,33.35,42.78,76.08,65.18,41.69,28.19,21.01,83.5,76.58,12.7,29.23,11.34,24.419999999999998,7.806000000000001,11.11,17.619999999999997,17.4,216.89999999999998,218.60000000000002,20.06,8.808000000000002,22.7,7.6160000000000005,9.064,13.85,16.79,6.2,16.01,52.8,121.5,12.39,53.89999999999999,62.599999999999994,17.189999999999998,68.16000000000001,10.76,30.840000000000003,324.29999999999995,65.16,149.9,30.820000000000004,52.74,8.48,60.5,67.3,70.42,83.96000000000001,516.6,341.6,379.5,326.9,90.25999999999999,30.049999999999997,208.5,215.5,14.420000000000002,163.0,138.9,92.26,205.5,35.55,79.28,37.39
25.619999999999997,25.119999999999997,52.56,74.92,55.5,69.36000000000001,23.09,414.70000000000005,17.630000000000003,49.8,324.40000000000003,231.0,31.7,11.5,136.9,34.519999999999996,75.36,51.879999999999995,138.0,61.54,268.0,49.519999999999996,201.39999999999998,40.16,8.898,100.69999999999999,211.3,225.5,15.260000000000002,14.26,35.63,34.629999999999995,7.532,16.57,10.150000000000002,19.8,10.33,8.286,14.68,14.32,207.6,2067.0,98.74000000000001,9.432,68.74,73.56,12.969999999999999,80.64,36.8,76.72,45.56999999999999,27.41,13.389999999999999,207.60000000000002,24.22,134.6,220.0,136.5,7.048,31.05,178.3,31.4,40.96000000000001,106.0,48.45,11.850000000000001,37.2,120.0,428.7,27.05,45.78,28.030000000000005,20.840000000000003,20.86,392.09999999999997,18.15,18.03,52.160000000000004,8.398,29.86,9.902,10.959999999999999,23.980000000000004,61.3,30.639999999999997,33.4,42.78,76.03999999999999,65.2,41.669999999999995,28.169999999999998,21.05,83.5,76.46,12.7,29.589999999999996,11.31,24.340000000000003,7.814,11.099999999999998,17.68,17.37,216.39999999999998,219.10000000000002,20.06,8.804,22.72,7.614,9.056000000000001,13.81,16.76,6.192,16.04,52.7,121.39999999999999,12.36,53.96000000000001,62.64,17.13,67.94,10.82,30.83,324.40000000000003,65.19999999999999,150.0,30.8,52.519999999999996,8.48,60.459999999999994,67.0,70.32000000000001,84.16,514.4,342.0,379.5,327.5,89.04,30.009999999999998,208.2,215.89999999999998,14.45,162.7,138.5,92.2,205.2,35.58,79.10000000000001,37.45
25.64,25.1,52.599999999999994,74.72,55.540000000000006,69.3,23.119999999999997,415.7,17.64,49.839999999999996,324.19999999999993,231.0,31.689999999999998,11.46,137.2,34.480000000000004,75.32000000000001,51.94,138.4,61.5,267.8,49.589999999999996,201.79999999999998,40.19,8.878,100.6,211.2,226.39999999999998,15.26,14.29,35.71,34.72,7.577999999999999,16.580000000000002,10.170000000000002,19.83,10.28,8.294,14.64,14.32,207.5,2081.0,98.72,9.427999999999999,68.7,73.48,12.95,80.6,36.84,76.66,45.5,27.450000000000003,13.4,207.0,24.259999999999998,134.0,219.4,137.1,7.045999999999999,31.150000000000006,177.8,31.429999999999996,40.96000000000001,105.7,48.46000000000001,11.86,37.2,121.9,429.3,26.95,45.78,28.06,20.8,20.82,390.29999999999995,18.11,18.060000000000002,51.959999999999994,8.418000000000001,29.860000000000003,9.867999999999999,10.990000000000002,24.060000000000002,61.480000000000004,30.689999999999998,33.4,42.940000000000005,76.44,65.2,41.69,28.15,21.02,83.58,76.44,12.7,29.65,11.370000000000001,24.25,7.804,11.11,17.72,17.409999999999997,216.3,219.39999999999998,20.07,8.8,22.740000000000002,7.630000000000001,9.068,13.77,16.76,6.21,16.020000000000003,52.599999999999994,121.5,12.36,54.0,62.44,17.169999999999998,68.12,10.85,30.810000000000002,322.70000000000005,65.2,150.0,30.86,52.4,8.474,60.32000000000001,67.0,70.36,84.46000000000001,510.0,342.70000000000005,379.5,326.09999999999997,89.28,30.0,208.0,217.10000000000002,14.429999999999996,162.79999999999998,138.5,92.16,204.2,35.61,79.26,37.43
25.63,25.110000000000003,52.68,74.72000000000001,55.620000000000005,69.3,23.130000000000003,416.3,17.63,49.93,324.0,231.8,31.72,11.469999999999999,137.20000000000002,34.44,75.36,51.98,138.20000000000002,61.38,267.5,49.59,201.59999999999997,40.220000000000006,8.896,100.5,211.5,225.7,15.260000000000002,14.29,35.78,34.8,7.6419999999999995,16.63,10.150000000000002,19.73,10.280000000000001,8.3,14.629999999999999,14.340000000000003,207.89999999999998,2086.0,98.74000000000001,9.426,68.76,73.64,12.969999999999999,80.6,36.89,76.55999999999999,45.459999999999994,27.369999999999997,13.4,207.0,24.29,133.5,218.8,137.5,7.05,31.060000000000002,178.39999999999998,31.439999999999998,41.03,105.6,48.50999999999999,11.879999999999999,37.2,121.89999999999999,429.20000000000005,26.979999999999997,45.8,28.020000000000003,20.840000000000003,20.8,389.6,18.17,18.040000000000003,51.959999999999994,8.486,29.869999999999997,9.87,10.98,24.07,61.6,30.75,33.36,42.949999999999996,76.60000000000001,65.03999999999999,41.7,28.22,21.0,83.78,76.56,12.66,29.57,11.36,24.359999999999996,7.826,11.17,17.85,17.43,216.5,219.0,20.080000000000002,8.806000000000001,22.78,7.636000000000001,9.06,13.8,16.8,6.22,16.05,52.620000000000005,121.6,12.349999999999998,54.0,62.68000000000001,17.3,68.16,10.87,30.939999999999998,321.0,65.44,150.0,31.01,52.64,8.48,60.3,67.12,70.42,84.32,513.4,345.09999999999997,379.8,324.6,89.26,30.0,208.0,217.60000000000002,14.379999999999999,162.9,138.5,92.26,203.5,35.61,79.26,37.28
25.63,25.11,52.64,74.74000000000001,55.58000000000001,69.3,23.110000000000003,415.29999999999995,17.62,49.99,322.4,232.5,31.740000000000002,11.45,137.3,34.42,75.26,51.89999999999999,138.2,61.52,267.6,49.53,201.59999999999997,40.25,8.911999999999999,100.6,211.3,226.0,15.27,14.280000000000001,35.76,34.8,7.654,16.669999999999998,10.13,19.78,10.32,8.302,14.62,14.330000000000002,208.09999999999997,2078.0,98.68,9.434000000000001,68.7,73.6,12.969999999999999,80.6,36.86,76.56,45.57,27.42,13.42,207.4,24.36,134.0,218.8,137.3,7.0520000000000005,31.14,178.1,31.45,41.129999999999995,105.5,48.489999999999995,11.879999999999999,37.2,122.3,428.20000000000005,26.95,45.78,28.03,20.85,20.86,389.6,18.23,18.04,52.0,8.531999999999998,29.85,9.89,10.94,24.060000000000002,61.6,30.75,33.39,42.82,76.76,65.03999999999999,41.7,28.299999999999997,21.0,83.64000000000001,76.38,12.650000000000002,29.580000000000005,11.36,24.43,7.8260000000000005,11.15,17.830000000000002,17.409999999999997,216.5,218.39999999999998,20.07,8.81,22.75,7.636000000000001,9.06,13.84,16.79,6.2219999999999995,16.03,52.519999999999996,122.0,12.379999999999999,53.980000000000004,62.739999999999995,17.37,68.5,11.030000000000001,30.949999999999996,320.09999999999997,65.53999999999999,150.1,31.040000000000003,52.56,8.48,60.50000000000001,67.22,70.38000000000001,84.06,512.4,345.6,382.20000000000005,325.1,89.47999999999999,30.0,208.0,218.5,14.370000000000001,162.89999999999998,138.5,92.4,204.1,35.65,79.28,37.26
25.63,25.11,52.7,74.84,55.56000000000001,69.38000000000001,23.21,415.9,17.64,50.019999999999996,323.0,232.3,31.75,11.46,137.1,34.39,75.3,51.98,138.3,61.440000000000005,267.5,49.480000000000004,201.59999999999997,40.230000000000004,8.878,100.9,211.2,226.0,15.280000000000001,14.27,35.75,34.8,7.6659999999999995,16.64,10.11,19.78,10.33,8.292,14.61,14.330000000000002,208.60000000000002,2092.0,98.86,9.436,68.76,73.58,13.02,80.62,36.85,76.6,45.56,27.36,13.4,207.5,24.44,133.6,217.5,136.9,7.05,30.92,177.79999999999998,31.459999999999997,41.18000000000001,105.5,48.440000000000005,11.899999999999999,37.2,121.69999999999999,428.0,26.97,45.78,28.029999999999998,20.840000000000003,20.869999999999997,388.79999999999995,18.169999999999998,18.070000000000004,52.1,8.541999999999998,29.880000000000003,9.873999999999999,10.92,24.150000000000002,61.6,30.75,33.39,42.879999999999995,76.84,65.02,41.68,28.35,21.01,83.75999999999999,76.2,12.650000000000002,29.54,11.37,24.4,7.818,11.16,17.77,17.439999999999998,216.2,218.0,20.060000000000002,8.818,22.770000000000003,7.635999999999999,9.058,13.85,16.810000000000002,6.226000000000001,16.01,52.480000000000004,122.0,12.43,53.92,62.66,17.35,68.32000000000001,11.02,30.909999999999997,320.3,65.4,150.4,31.0,52.56,8.482,60.540000000000006,67.16,70.34,84.22,512.4000000000001,344.30000000000007,383.0,326.0,89.24000000000001,30.0,208.0,218.10000000000002,14.380000000000003,162.6,138.0,92.4,204.5,35.65,79.32000000000001,37.27
25.65,25.08,52.74000000000001,74.8,55.519999999999996,69.44,23.220000000000002,416.59999999999997,17.65,50.22,323.3,231.5,31.749999999999996,11.48,137.2,34.44,75.36,52.0,138.5,61.440000000000005,267.3,49.50999999999999,201.60000000000002,40.25,8.882000000000001,101.1,211.3,226.40000000000003,15.37,14.27,35.78,34.83,7.66,16.62,10.11,19.790000000000003,10.33,8.286,14.62,14.369999999999997,209.4,2095.0,98.94,9.424,69.1,73.46000000000001,13.020000000000001,80.67999999999999,36.86,76.6,45.59,27.370000000000005,13.41,207.4,24.490000000000002,133.2,217.79999999999998,136.5,7.05,30.840000000000003,178.10000000000002,31.45,41.190000000000005,105.5,48.480000000000004,11.95,37.2,122.0,427.79999999999995,27.010000000000005,45.89,28.090000000000003,20.82,20.880000000000003,388.9,18.19,18.090000000000003,52.0,8.52,29.91,9.86,10.9,24.28,61.7,30.76,33.36,42.96,77.1,65.0,41.519999999999996,28.5,21.05,83.68,76.18,12.650000000000002,29.529999999999998,11.36,24.35,7.814,11.17,17.740000000000002,17.409999999999997,216.10000000000002,218.0,20.049999999999997,8.82,22.78,7.648,9.06,13.84,16.8,6.23,16.05,52.44,122.0,12.42,53.940000000000005,62.72,17.32,68.36,11.1,30.929999999999993,321.8,65.44,150.4,31.05,52.480000000000004,8.47,60.5,67.2,70.36,84.3,513.0,346.70000000000005,382.5,326.5,89.36,30.0,208.0,218.5,14.350000000000001,162.6,138.4,92.4,204.39999999999998,35.64,79.38000000000001,37.2
25.639999999999997,25.060000000000002,52.64,74.74,55.5,69.26,23.21,415.29999999999995,17.64,50.16,322.7,231.5,31.68,11.48,136.7,34.44,75.34,52.0,138.2,61.42,267.7,49.39999999999999,201.79999999999998,40.269999999999996,8.884,101.2,211.10000000000002,225.7,15.35,14.3,35.730000000000004,34.779999999999994,7.648000000000001,16.64,10.11,19.790000000000003,10.29,8.272,14.620000000000001,14.360000000000003,209.60000000000002,2087.0,98.69999999999999,9.415999999999999,69.08,73.4,13.01,80.75999999999999,36.76,76.52,45.60000000000001,27.370000000000005,13.42,206.89999999999998,24.46,133.29999999999998,217.9,136.5,7.051999999999999,30.870000000000005,178.5,31.45,41.15,105.5,48.589999999999996,11.919999999999998,37.15,122.0,427.5,27.0,45.95,28.04,20.81,20.85,388.90000000000003,18.169999999999998,18.07,52.08,8.524000000000001,29.87,9.868,10.879999999999999,24.22,61.46,30.769999999999996,33.35,42.989999999999995,76.88,64.72,41.5,28.5,21.05,83.78,76.06,12.650000000000002,29.53,11.35,24.35,7.818,11.11,17.76,17.38,216.2,216.39999999999998,20.03,8.816,22.689999999999998,7.640000000000001,9.064,13.8,16.8,6.2219999999999995,16.03,52.42,121.89999999999998,12.48,53.879999999999995,62.72,17.41,68.22,11.23,30.909999999999997,320.9,65.58,150.2,31.1,52.38000000000001,8.47,60.44,67.26,70.28,84.28,512.6,348.79999999999995,382.1,327.2,89.5,30.0,208.0,218.1,14.350000000000001,162.5,138.1,92.4,204.0,35.66,79.26,37.129999999999995
25.529999999999998,25.02,52.599999999999994,74.56,55.46,69.14,23.150000000000002,414.3,17.59,50.0,322.0,231.5,31.590000000000003,11.48,136.1,34.25,75.16,51.980000000000004,138.4,61.339999999999996,267.3,49.309999999999995,202.7,40.2,8.870000000000001,101.2,210.5,224.60000000000002,15.340000000000002,14.27,35.63,34.64,7.614000000000001,16.63,10.11,19.77,10.259999999999998,8.267999999999999,14.57,14.360000000000003,209.4,2083.0,98.58,9.37,68.8,73.22,13.030000000000001,80.82,36.620000000000005,76.4,45.629999999999995,27.39,13.4,206.9,24.340000000000003,132.6,217.20000000000002,136.5,7.045999999999999,30.73,178.29999999999998,31.45,41.13000000000001,105.5,48.510000000000005,11.919999999999998,37.120000000000005,121.3,427.5,27.0,45.8,27.939999999999998,20.76,20.84,387.0,18.12,18.07,52.0,8.514,29.830000000000005,9.86,10.86,24.130000000000003,61.4,30.7,33.339999999999996,42.800000000000004,76.74,64.28,41.37,28.309999999999995,21.02,83.79999999999998,75.76,12.620000000000001,29.38,11.33,24.409999999999997,7.808,11.099999999999998,17.709999999999997,17.35,216.0,215.5,19.939999999999998,8.81,22.659999999999997,7.63,9.06,13.8,16.79,6.212000000000001,16.02,52.36,121.30000000000001,12.45,53.8,62.58,17.38,67.78,11.13,30.84,319.9,65.36,149.7,31.15,52.36000000000001,8.458,60.25999999999999,67.24,70.16,83.57999999999998,511.0,347.79999999999995,380.9,324.8,89.3,29.970000000000006,208.0,218.1,14.350000000000001,162.10000000000002,138.1,92.4,204.0,35.61,79.11999999999999,36.88
25.5,25.009999999999998,52.599999999999994,74.52,55.46,69.11999999999999,23.07,414.0,17.560000000000002,50.0,322.0,231.8,31.560000000000002,11.46,136.0,34.17,75.06,51.92,138.4,61.279999999999994,266.79999999999995,49.33,202.6,40.08,8.834,101.0,209.09999999999997,225.0,15.26,14.28,35.62,34.61,7.6259999999999994,16.580000000000002,10.08,19.790000000000003,10.26,8.27,14.540000000000001,14.330000000000002,209.5,2091.0,98.64,9.347999999999999,68.82,73.24,13.05,80.84,36.63,76.36,45.629999999999995,27.370000000000005,13.4,207.1,24.35,132.6,216.9,136.70000000000002,7.036,30.62,178.1,31.410000000000004,41.13,105.1,48.480000000000004,11.899999999999999,37.1,121.2,429.2,27.0,45.75,27.9,20.75,20.8,386.0,18.1,18.070000000000004,52.0,8.49,29.810000000000002,9.836,10.87,24.11,61.6,30.65,33.3,42.72,76.66,64.39999999999999,41.26,28.29,21.0,83.79999999999998,75.88,12.650000000000002,29.4,11.3,24.4,7.802000000000001,11.129999999999999,17.65,17.37,216.0,215.4,19.9,8.816,22.66,7.63,9.06,13.68,16.79,6.206,16.0,52.28,121.3,12.4,53.62,62.5,17.39,67.88000000000001,11.06,30.810000000000002,320.0,65.32,148.5,31.14,52.42,8.44,60.16,67.12,70.22,83.46000000000001,510.2,347.4,379.50000000000006,324.7,89.26,29.950000000000003,208.3,218.0,14.329999999999998,161.59999999999997,138.0,92.4,204.0,35.57,78.96000000000001,36.92
25.490000000000002,24.980000000000004,52.56,74.5,55.44,69.1,23.05,414.90000000000003,17.57,49.99,322.0,232.0,31.520000000000003,11.45,136.3,34.17,75.1,51.81999999999999,138.20000000000002,61.31999999999999,266.8,49.379999999999995,202.5,40.0,8.863999999999999,101.1,209.2,225.49999999999997,15.3,14.280000000000001,35.629999999999995,34.58,7.63,16.580000000000002,10.06,19.78,10.259999999999998,8.267999999999999,14.59,14.310000000000002,209.4,2092.0,98.64000000000001,9.363999999999999,68.96,73.22,13.05,80.8,36.629999999999995,76.56,45.89,27.400000000000006,13.4,207.6,24.34,132.6,217.0,137.0,7.0440000000000005,30.75,178.5,31.4,41.07,105.0,48.47,11.939999999999998,37.1,121.4,430.5,27.0,45.7,27.9,20.75,20.85,382.8,18.159999999999997,18.07,52.0,8.48,29.8,9.818,10.86,24.119999999999997,61.6,30.65,33.26,42.730000000000004,76.72,64.64,41.45,28.269999999999996,21.0,83.72,75.8,12.650000000000002,29.419999999999998,11.3,24.4,7.806000000000001,11.129999999999999,17.7,17.38,216.0,213.89999999999998,19.9,8.82,22.669999999999998,7.636000000000001,9.06,13.7,16.790000000000003,6.206,15.99,52.2,121.1,12.39,53.50000000000001,62.480000000000004,17.43,67.84,11.200000000000001,30.85,320.5,65.46000000000001,148.0,31.060000000000002,52.46,8.438,60.16,67.03999999999999,70.14,83.44,510.0,347.0,379.0,324.70000000000005,89.24000000000001,30.0,208.4,218.0,14.3,161.3,138.0,92.4,204.0,35.63,78.92,36.88
25.490000000000002,24.92,52.54,74.5,55.379999999999995,69.11999999999999,23.05,415.2,17.580000000000002,49.95,321.9,232.0,31.49,11.46,136.0,34.21,75.06,51.81999999999999,138.0,61.31999999999999,266.9,49.400000000000006,202.5,39.87,8.85,101.19999999999999,208.89999999999998,225.9,15.31,14.27,35.46,34.55,7.6240000000000006,16.590000000000003,10.07,19.759999999999998,10.239999999999998,8.258,14.530000000000001,14.34,209.6,2088.0,98.62,9.363999999999999,69.16,73.16,13.05,80.82,36.63,76.3,46.040000000000006,27.370000000000005,13.4,208.0,24.340000000000003,132.5,216.89999999999998,137.0,7.043999999999999,30.68,178.2,31.4,41.04,105.0,48.39,11.919999999999998,37.1,121.19999999999999,432.0,27.020000000000003,45.56,27.880000000000003,20.72,20.86,383.2,18.1,18.070000000000004,52.0,8.486,29.759999999999998,9.812000000000001,10.86,24.19,61.5,30.64,33.25,42.730000000000004,76.74,64.5,41.510000000000005,28.259999999999998,21.0,83.64000000000001,75.82,12.650000000000002,29.32,11.3,24.4,7.800000000000001,11.119999999999997,17.69,17.37,216.0,214.3,19.91,8.814,22.619999999999997,7.628,9.056000000000001,13.7,16.78,6.1899999999999995,15.959999999999999,52.1,120.80000000000001,12.39,53.36,62.42,17.419999999999998,67.74,11.19,30.84,320.0,65.6,148.2,31.07,52.379999999999995,8.434,60.099999999999994,67.04,70.1,83.26,510.0,346.2,379.5,324.50000000000006,89.16,29.980000000000004,208.0,218.2,14.3,161.10000000000002,138.1,92.4,204.0,35.62,79.03999999999999,36.85
25.459999999999997,24.9,52.599999999999994,74.48,55.379999999999995,69.14,23.020000000000003,415.6,17.590000000000003,49.93,322.0,231.70000000000002,31.439999999999998,11.45,136.0,34.2,75.14,51.86,138.0,61.36,267.0,49.379999999999995,202.3,39.910000000000004,8.846,101.2,208.7,225.4,15.35,14.280000000000001,35.42,34.51,7.6160000000000005,16.590000000000003,10.08,19.77,10.239999999999998,8.258,14.52,14.330000000000002,210.5,2080.0,98.6,9.376,69.18,73.26,13.05,80.78,36.61,76.36,45.92,27.42,13.4,208.1,24.35,132.8,217.4,137.0,7.048,30.68,178.60000000000002,31.4,41.02,105.0,48.42,11.939999999999998,37.14,121.0,431.1,27.019999999999996,45.5,27.92,20.720000000000002,20.85,384.0,18.1,18.05,52.0,8.496,29.75,9.818000000000001,10.889999999999999,24.22,61.5,30.679999999999996,33.25,42.730000000000004,76.64,64.36,41.61,28.29,21.0,83.72,75.88,12.650000000000002,29.3,11.32,24.389999999999997,7.800000000000001,11.11,17.669999999999998,17.36,215.89999999999998,214.5,19.9,8.812000000000001,22.64,7.63,9.058,13.67,16.78,6.206,15.959999999999999,52.120000000000005,120.9,12.39,53.379999999999995,62.46,17.43,67.66,11.23,30.9,320.4,65.58,148.29999999999998,31.15,52.379999999999995,8.43,60.04,67.14,70.05999999999999,83.38,510.59999999999997,346.3,379.5,323.4,88.98,29.950000000000003,208.60000000000002,218.40000000000003,14.3,161.2,138.0,92.4,204.0,35.59,79.0,36.86
25.479999999999997,24.9,52.54,74.4,55.35999999999999,69.14,23.0,415.8,17.57,49.85,322.20000000000005,232.0,31.42,11.46,136.1,34.17,75.2,51.86,137.8,61.31999999999999,267.0,49.3,202.5,39.980000000000004,8.854000000000001,101.10000000000001,209.0,224.9,15.37,14.260000000000002,35.43,34.559999999999995,7.62,16.62,10.08,19.759999999999998,10.23,8.252,14.530000000000001,14.330000000000002,212.0,2087.0,98.56,9.386000000000001,69.16,73.18,13.05,80.46,36.519999999999996,76.44,45.97,27.42,13.42,208.0,24.389999999999997,133.0,217.10000000000002,137.0,7.0440000000000005,30.7,179.0,31.35,41.05,105.30000000000001,48.410000000000004,11.95,37.15,121.1,430.5,27.0,45.51,27.939999999999998,20.740000000000002,20.81,384.1,18.1,18.040000000000003,52.019999999999996,8.492,29.699999999999996,9.829999999999998,10.89,24.240000000000002,61.5,30.65,33.25,42.739999999999995,76.78,64.44,41.6,28.25,21.0,83.62,76.05999999999999,12.650000000000002,29.31,11.3,24.4,7.800000000000001,11.120000000000001,17.63,17.35,216.0,214.5,19.909999999999997,8.81,22.669999999999998,7.628,9.05,13.65,16.790000000000003,6.2139999999999995,15.989999999999998,52.04,120.9,12.39,53.46000000000001,62.46,17.439999999999998,67.66,11.21,30.919999999999995,320.2,65.5,148.0,31.15,52.44,8.43,60.08,67.11999999999999,70.06,83.75999999999999,511.79999999999995,346.09999999999997,379.5,324.0,89.0,29.950000000000003,209.0,218.3,14.32,161.6,137.7,92.46000000000001,204.0,35.61,79.03999999999999,36.82
25.5,24.9,52.56,74.38,55.32000000000001,69.18,23.0,417.4,17.59,49.85,322.29999999999995,232.59999999999997,31.34,11.46,136.1,34.13,75.18,51.879999999999995,137.7,61.2,266.5,49.3,202.2,40.029999999999994,8.847999999999999,101.3,209.0,225.59999999999997,15.320000000000002,14.270000000000001,35.470000000000006,34.589999999999996,7.642,16.64,10.08,19.73,10.21,8.246,14.51,14.350000000000001,212.1,2093.0,98.56,9.392000000000001,69.24,73.24000000000001,13.05,80.32,36.599999999999994,76.7,46.10000000000001,27.43,13.45,208.4,24.360000000000003,133.2,216.5,137.0,7.05,30.679999999999996,179.0,31.35,41.150000000000006,105.1,48.34,11.919999999999998,37.15,121.39999999999999,430.59999999999997,27.04,45.52,27.880000000000003,20.77,20.810000000000002,383.8,18.1,18.01,51.94,8.517999999999999,29.699999999999996,9.85,10.9,24.229999999999997,61.5,30.63,33.25,42.760000000000005,76.76,64.72,41.599999999999994,28.27,21.0,83.74000000000001,76.22,12.650000000000002,29.3,11.3,24.4,7.79,11.09,17.61,17.35,216.0,214.5,19.93,8.818,22.7,7.6259999999999994,9.054,13.69,16.75,6.202,15.98,52.04,121.0,12.4,53.5,62.53999999999999,17.45,67.8,11.2,30.870000000000005,320.0,65.5,148.0,31.190000000000005,52.400000000000006,8.43,60.12,67.11999999999999,70.08,84.1,512.0,344.9,379.70000000000005,324.0,88.88,29.92,209.2,218.2,14.27,162.0,137.5,92.5,204.0,35.66,78.96000000000001,36.79
25.48,24.92,52.58,74.42,55.36,69.11999999999999,22.95,418.29999999999995,17.560000000000002,49.900000000000006,321.70000000000005,233.2,31.34,11.469999999999999,136.1,34.12,75.16,51.89999999999999,137.7,61.220000000000006,266.4,49.31,202.3,40.03999999999999,8.867999999999999,101.0,209.1,225.8,15.29,14.27,35.480000000000004,34.58,7.662,16.65,10.07,19.71,10.21,8.244000000000002,14.540000000000001,14.32,212.10000000000002,2100.0,98.56,9.4,69.06,73.22,13.020000000000001,80.18,36.6,76.78,46.010000000000005,27.4,13.45,208.0,24.38,133.1,216.8,137.4,7.058,30.67,179.20000000000002,31.35,41.2,105.5,48.32,11.93,37.120000000000005,121.30000000000001,430.0,27.03,45.5,27.940000000000005,20.79,20.84,383.8,18.1,18.01,51.92,8.566,29.74,9.857999999999999,10.93,24.22,61.5,30.65,33.25,42.9,76.74,64.8,41.5,28.270000000000003,21.0,83.84,76.44,12.650000000000002,29.29,11.3,24.380000000000003,7.7940000000000005,11.11,17.6,17.38,215.9,214.5,19.98,8.82,22.689999999999998,7.63,9.06,13.7,16.78,6.2,15.95,52.080000000000005,120.89999999999999,12.39,53.5,62.61999999999999,17.45,67.86,11.16,30.85,320.90000000000003,65.52,148.0,31.180000000000003,52.400000000000006,8.446,60.14,67.26,70.1,83.82,512.0,345.1,380.59999999999997,324.5,88.96000000000001,29.9,209.5,218.39999999999998,14.219999999999999,162.20000000000002,138.0,92.46000000000001,204.0,35.68,78.74,36.8
25.47,24.93,52.480000000000004,74.42,55.32000000000001,69.11999999999999,22.85,418.4,17.59,49.92,321.5,233.5,31.33,11.45,135.6,34.05,75.1,51.879999999999995,137.79999999999998,61.24,266.3,49.32,202.5,40.029999999999994,8.84,101.1,209.0,225.79999999999998,15.3,14.280000000000001,35.44,34.51,7.692,16.64,10.07,19.8,10.23,8.248,14.530000000000001,14.330000000000002,211.8,2091.0,98.4,9.4,69.02,73.1,12.99,80.1,36.64,76.96000000000001,46.040000000000006,27.4,13.45,208.40000000000003,24.380000000000003,133.1,216.90000000000003,137.9,7.042,30.69,179.09999999999997,31.35,41.1,105.5,48.37,11.95,37.1,121.0,431.79999999999995,27.01,45.38999999999999,27.939999999999998,20.75,20.8,384.1,18.110000000000003,18.020000000000003,51.89999999999999,8.558,29.719999999999995,9.852,10.9,24.22,61.5,30.65,33.260000000000005,42.959999999999994,76.78,64.72,41.56,28.29,21.0,83.72,76.32,12.61,29.28,11.33,24.36,7.79,11.099999999999998,17.64,17.36,215.3,214.5,19.95,8.82,22.689999999999998,7.636000000000001,9.06,13.7,16.79,6.192,15.95,52.1,119.89999999999999,12.4,53.5,62.620000000000005,17.439999999999998,67.8,11.08,30.82,321.4,65.54,148.0,31.200000000000003,52.44,8.446,60.199999999999996,67.22,70.0,83.78,510.79999999999995,346.3,381.0,324.6,89.06,29.96,209.5,218.2,14.239999999999998,162.0,137.6,92.5,204.0,35.67,78.66,36.79
25.47,24.9,52.46000000000001,74.4,55.379999999999995,69.14,22.79,417.1,17.64,49.95,322.0,231.8,31.439999999999998,11.45,135.5,34.04,75.08,51.879999999999995,137.7,61.22,266.5,49.300000000000004,202.5,40.03,8.828,101.2,208.89999999999998,226.0,15.3,14.29,35.370000000000005,34.54,7.686,16.630000000000003,10.07,19.72,10.2,8.24,14.51,14.330000000000002,211.8,2090.0,98.12,9.396,68.92,72.74,13.0,80.11999999999999,36.54,77.0,45.97,27.43,13.41,208.5,24.330000000000002,133.4,216.29999999999995,138.0,7.019999999999999,30.71,179.3,31.35,41.05,105.5,48.4,11.95,37.1,121.0,432.0,27.05,45.37,27.93,20.75,20.770000000000003,384.0,18.060000000000002,18.020000000000003,51.89999999999999,8.544,29.699999999999996,9.844,10.86,24.16,61.5,30.69,33.22,42.92,76.78,64.7,41.41,28.230000000000004,21.0,83.79999999999998,75.92,12.630000000000003,29.239999999999995,11.3,24.37,7.79,11.099999999999998,17.570000000000004,17.35,216.0,214.5,19.93,8.82,22.689999999999998,7.638,9.06,13.7,16.8,6.1899999999999995,15.959999999999999,52.08,119.6,12.39,53.58,62.6,17.43,67.72,11.330000000000002,30.919999999999995,321.0,65.5,148.1,31.18,52.42,8.442,60.2,67.22,69.94,83.85999999999999,511.0,346.5,381.0,324.5,89.1,29.86,209.5,217.6,14.25,162.0,137.5,92.5,204.0,35.68,78.74,36.8
25.479999999999997,24.9,52.5,74.42,55.34,69.11999999999999,22.78,417.5,17.62,49.900000000000006,322.4,232.0,31.55,11.469999999999999,135.7,34.08,75.06,51.919999999999995,137.9,61.2,266.5,49.36,202.3,40.01,8.802,101.19999999999999,209.0,226.0,15.3,14.270000000000001,35.36,34.529999999999994,7.694000000000001,16.6,10.08,19.72,10.2,8.242,14.540000000000001,14.32,211.79999999999998,2093.0,98.11999999999999,9.379999999999999,68.94,72.67999999999999,13.030000000000001,80.19999999999999,36.559999999999995,76.9,45.96000000000001,27.429999999999996,13.4,208.5,24.340000000000003,133.4,216.29999999999995,138.0,7.012,30.68,179.5,31.35,41.05,105.5,48.370000000000005,11.939999999999998,37.1,120.9,432.0,27.03,45.39,27.939999999999998,20.770000000000003,20.8,384.6,18.060000000000002,18.0,51.89999999999999,8.536,29.709999999999997,9.841999999999999,10.889999999999999,24.18,61.5,30.7,33.21,42.95,76.66,64.72,41.269999999999996,28.240000000000002,21.0,83.79999999999998,76.02,12.690000000000001,29.25,11.31,24.35,7.795999999999999,11.099999999999998,17.560000000000002,17.35,216.0,214.5,19.939999999999998,8.812000000000001,22.72,7.634,9.064,13.7,16.85,6.18,15.95,52.04,119.9,12.44,53.6,62.6,17.459999999999997,67.75999999999999,11.49,30.949999999999996,321.40000000000003,65.56,148.0,31.169999999999998,52.400000000000006,8.43,60.099999999999994,67.22,70.06,83.85999999999999,510.8,346.7,381.0,324.6,89.18,29.85,209.5,217.4,14.209999999999999,161.79999999999998,137.79999999999998,92.5,204.0,35.69,78.7,36.7
25.52,24.93,52.62,74.42,55.4,69.18,22.75,417.7,17.62,49.92000000000001,322.5,232.2,31.580000000000005,11.489999999999998,135.70000000000002,34.14,75.17999999999999,52.0,138.0,61.16,266.79999999999995,49.51,202.4,40.019999999999996,8.814,101.0,209.3,226.0,15.3,14.290000000000003,35.400000000000006,34.49,7.698,16.6,10.06,19.71,10.219999999999999,8.256,14.57,14.350000000000001,211.9,2095.0,98.25999999999999,9.384,69.16,72.92,13.05,80.22,36.730000000000004,76.8,45.94,27.45,13.4,208.5,24.35,133.4,216.09999999999997,138.0,7.0379999999999985,30.72,179.5,31.35,41.13,105.5,48.36,11.95,37.1,121.0,432.0,27.0,45.35,27.980000000000004,20.75,20.8,385.1,18.090000000000003,18.0,51.839999999999996,8.55,29.830000000000002,9.854,10.879999999999999,24.229999999999997,61.5,30.7,33.25,42.95,76.72,64.7,41.31,28.21,21.0,83.79999999999998,76.0,12.7,29.38,11.35,24.35,7.79,11.119999999999997,17.55,17.36,215.8,214.5,19.95,8.81,22.72,7.632,9.06,13.73,16.81,6.1899999999999995,15.9,52.04,120.4,12.44,53.6,62.7,17.52,67.84,11.46,30.959999999999994,321.69999999999993,65.62,148.1,31.190000000000005,52.400000000000006,8.43,60.099999999999994,67.2,70.0,83.70000000000002,510.0,347.0,381.0,325.1,89.13999999999999,29.869999999999997,210.0,217.5,14.239999999999998,161.8,137.7,92.5,204.0,35.7,78.86,36.7
25.520000000000003,24.92,52.7,74.36,55.42,69.38,22.82,418.29999999999995,17.630000000000003,49.92,323.09999999999997,233.2,31.580000000000005,11.5,135.70000000000002,34.17,75.35999999999999,51.98,138.1,61.26,267.09999999999997,49.68000000000001,202.6,40.089999999999996,8.846,101.2,209.5,226.60000000000002,15.3,14.280000000000001,35.480000000000004,34.47,7.712,16.669999999999998,10.05,19.74,10.219999999999999,8.266,14.56,14.36,211.9,2099.0,98.24,9.41,69.28,73.0,13.040000000000003,80.46000000000001,36.75,76.74,46.04,27.48,13.4,208.9,24.340000000000003,133.5,216.50000000000003,138.4,7.05,30.729999999999997,179.8,31.380000000000003,41.150000000000006,105.80000000000001,48.42,11.959999999999999,37.2,121.3,431.4,27.049999999999997,45.33,27.990000000000002,20.75,20.8,387.29999999999995,18.14,18.070000000000004,51.94,8.543999999999999,29.88,9.858,10.94,24.410000000000004,61.52,30.71,33.27,42.99,76.82,64.6,41.349999999999994,28.3,21.0,83.79999999999998,76.3,12.7,29.519999999999996,11.39,24.35,7.8039999999999985,11.099999999999998,17.55,17.4,216.0,215.8,19.98,8.81,22.72,7.638000000000001,9.06,13.75,16.8,6.196000000000001,15.93,52.080000000000005,120.70000000000002,12.4,53.6,62.7,17.610000000000003,67.96000000000001,11.53,30.990000000000002,322.30000000000007,65.67999999999999,148.10000000000002,31.119999999999997,52.42,8.43,60.03999999999999,67.22,70.12,83.74000000000001,510.59999999999997,347.20000000000005,381.40000000000003,326.5,89.22,29.880000000000003,210.0,217.89999999999998,14.26,162.0,138.2,92.5,204.5,35.75,79.02,36.73
25.509999999999998,24.92,52.68,74.42,55.48,69.55999999999999,22.87,418.5,17.64,49.91000000000001,323.1,233.39999999999998,31.61,11.509999999999998,135.8,34.18,75.5,52.0,138.2,61.38,267.3,49.78,203.3,40.25999999999999,8.866,101.30000000000001,210.5,226.59999999999997,15.3,14.290000000000003,35.57,34.56,7.756,16.7,10.07,19.77,10.239999999999998,8.281999999999998,14.58,14.36,212.3,2106.0,98.24,9.421999999999999,69.28,73.08,13.07,80.7,36.730000000000004,76.8,46.11,27.610000000000003,13.42,209.29999999999998,24.4,133.9,217.0,138.5,7.05,30.769999999999996,181.2,31.409999999999997,41.18000000000001,105.69999999999999,48.54,12.0,37.2,121.6,431.1,27.1,45.33,27.990000000000002,20.759999999999998,20.8,387.9,18.1,18.21,52.0,8.56,29.88,9.872,10.95,24.439999999999998,61.56,30.810000000000002,33.31999999999999,43.13,76.82,64.64,41.589999999999996,28.370000000000005,21.020000000000003,83.75999999999999,76.6,12.650000000000002,29.580000000000005,11.35,24.4,7.804,11.099999999999998,17.590000000000003,17.369999999999997,215.8,216.5,19.98,8.81,22.740000000000002,7.654,9.06,13.78,16.83,6.204,15.959999999999999,52.5,121.9,12.4,53.6,62.760000000000005,17.6,68.25999999999999,11.57,30.979999999999997,323.2,65.7,148.6,31.129999999999995,52.480000000000004,8.43,60.199999999999996,67.3,70.2,83.86,511.4,348.3,381.5,328.09999999999997,89.44,29.820000000000004,210.0,218.0,14.25,162.2,139.0,92.5,204.5,35.79,79.32000000000001,36.769999999999996
25.54,24.93,52.68,74.42,55.5,69.58,22.87,419.00000000000006,17.62,49.91,323.0,233.7,31.67,11.51,135.9,34.16,75.53999999999999,52.0,138.79999999999998,61.3,267.1,49.78999999999999,203.5,40.25,8.854,101.19999999999999,210.5,226.8,15.280000000000001,14.350000000000001,35.55,34.54,7.776,16.68,10.14,19.78,10.290000000000001,8.326,14.58,14.379999999999999,212.79999999999998,2105.0,98.25999999999999,9.437999999999999,69.4,73.22,13.030000000000001,80.66,36.730000000000004,76.8,46.09,27.6,13.45,209.39999999999998,24.44,133.9,216.8,138.5,7.05,30.76,181.9,31.4,41.17,105.5,48.589999999999996,12.0,37.2,121.69999999999999,430.9,27.1,45.33,28.0,20.75,20.8,387.9,18.15,18.240000000000002,51.98,8.572000000000001,29.870000000000005,9.884,10.94,24.439999999999998,61.5,30.869999999999997,33.49,43.269999999999996,76.74,64.61999999999999,41.6,28.28,21.03,83.79999999999998,76.56,12.650000000000002,29.58,11.380000000000003,24.4,7.802000000000001,11.12,17.590000000000003,17.389999999999997,215.5,216.5,19.96,8.814,22.77,7.656000000000001,9.06,13.8,16.81,6.21,15.94,52.5,121.80000000000001,12.4,53.6,62.760000000000005,17.580000000000002,68.16,11.55,31.01,323.7,65.72,149.9,31.15,52.56,8.43,60.26,67.3,70.22,83.79999999999998,512.0,347.79999999999995,381.1,328.5,89.46000000000001,29.8,210.29999999999998,218.0,14.25,163.10000000000002,139.0,92.52,205.0,35.830000000000005,79.42,36.82
25.580000000000002,24.930000000000003,52.7,74.48,55.56,69.6,22.86,419.3,17.64,49.95,323.0,234.0,31.75,11.56,136.1,34.14,75.64,52.0,138.6,61.4,267.1,49.75,203.2,40.25,8.842,101.3,210.5,226.39999999999998,15.32,14.350000000000001,35.59,34.54,7.846,16.7,10.13,19.77,10.29,8.322,14.58,14.399999999999999,212.9,2104.0,98.24,9.434,69.46000000000001,73.28,13.05,80.58000000000001,36.79,76.8,46.03,27.6,13.45,209.5,24.45,133.9,216.09999999999997,138.5,7.053999999999999,30.75,181.3,31.4,41.16000000000001,105.5,48.64,12.0,37.19,121.6,430.5,27.09,45.31999999999999,27.96,20.75,20.8,388.0,18.159999999999997,18.26,51.980000000000004,8.562,29.93,9.904,10.94,24.37,61.5,30.9,33.67,43.309999999999995,76.78,64.6,41.59,28.29,21.08,83.82,76.54,12.650000000000002,29.41,11.38,24.4,7.800000000000001,11.099999999999998,17.55,17.38,215.5,216.5,19.95,8.82,22.76,7.678000000000001,9.06,13.75,16.8,6.21,15.94,52.58,122.1,12.45,53.6,62.68,17.610000000000003,68.06,11.530000000000001,31.090000000000003,323.6,66.0,150.0,31.18,52.5,8.43,60.16,67.32000000000001,70.36,83.96000000000001,511.2,348.1,380.79999999999995,330.99999999999994,89.42000000000002,29.779999999999998,209.70000000000002,218.0,14.25,163.20000000000002,139.0,92.6,205.2,35.809999999999995,79.38,36.87
25.6,24.94,52.760000000000005,74.56,55.620000000000005,69.6,22.86,419.20000000000005,17.68,49.92,322.79999999999995,233.1,31.730000000000004,11.58,136.1,34.15,75.7,52.0,138.9,61.26,267.0,49.809999999999995,203.0,40.24000000000001,8.846,101.2,210.5,226.50000000000003,15.39,14.350000000000001,35.58,34.55,7.83,16.68,10.14,19.79,10.27,8.322,14.6,14.389999999999997,212.7,2108.0,98.24,9.44,69.48,73.2,13.080000000000002,80.5,36.83,76.8,45.980000000000004,27.57,13.45,209.5,24.46,134.0,216.0,138.5,7.050000000000001,30.72,181.10000000000002,31.409999999999997,41.25,105.5,48.73,12.0,37.15,121.5,430.5,27.05,45.339999999999996,28.0,20.790000000000003,20.8,388.6,18.17,18.27,51.89999999999999,8.564000000000002,29.930000000000003,9.906,10.95,24.439999999999998,61.5,30.86,33.79,43.300000000000004,76.88000000000001,64.6,41.55,28.3,21.090000000000003,83.9,76.58,12.670000000000002,29.32,11.39,24.4,7.805999999999999,11.11,17.6,17.39,216.0,216.5,19.95,8.82,22.810000000000002,7.681999999999999,9.06,13.71,16.8,6.212,15.959999999999999,52.519999999999996,122.5,12.4,53.6,62.599999999999994,17.64,68.04,11.48,31.08,324.5,66.1,150.0,31.200000000000003,52.58,8.428,60.03999999999999,67.38,70.32000000000001,83.94,510.0,348.09999999999997,380.0,331.5,89.52,29.72,209.5,218.0,14.25,163.10000000000002,139.3,92.66,205.5,35.86,79.39999999999999,36.89
25.6,24.93,52.85999999999999,74.66,55.620000000000005,69.63999999999999,22.869999999999997,419.4,17.68,49.900000000000006,322.4,232.5,31.74,11.620000000000001,136.3,34.17,75.66,51.98,138.6,61.31999999999999,267.1,49.84,203.10000000000002,40.28999999999999,8.856,101.3,210.5,227.3,15.44,14.350000000000001,35.64,34.519999999999996,7.802000000000001,16.689999999999998,10.14,19.84,10.29,8.33,14.59,14.389999999999997,212.7,2120.0,98.25999999999999,9.447999999999999,69.48,73.16,13.100000000000001,80.5,36.92,76.78,45.96000000000001,27.569999999999997,13.45,209.39999999999998,24.5,133.9,216.09999999999997,138.5,7.055999999999999,30.770000000000003,180.7,31.369999999999997,41.220000000000006,105.5,48.8,12.0,37.15,121.5,429.6,27.05,45.4,28.0,20.8,20.8,388.3,18.18,18.28,51.959999999999994,8.576,29.92,9.91,10.95,24.47,61.5,30.9,33.85,43.32000000000001,76.88,64.6,41.55,28.279999999999998,21.1,83.84,76.58,12.7,29.32,11.400000000000002,24.43,7.811999999999999,11.11,17.62,17.37,215.60000000000002,216.5,19.96,8.81,22.86,7.68,9.06,13.66,16.790000000000003,6.21,15.969999999999999,52.5,123.0,12.370000000000001,53.6,62.599999999999994,17.669999999999998,68.04,11.440000000000001,31.1,324.4,66.24,150.2,31.200000000000003,52.519999999999996,8.44,60.12,67.38000000000001,70.3,84.0,510.4,348.5,379.9,331.79999999999995,89.51999999999998,29.729999999999997,209.5,218.0,14.260000000000002,163.1,139.5,92.6,206.0,35.9,79.5,36.93
25.59,24.930000000000003,52.84,74.67999999999999,55.66000000000001,69.53999999999999,22.85,419.5,17.689999999999998,49.93,322.4,232.7,31.730000000000004,11.63,136.2,34.14,75.6,52.1,138.70000000000002,61.35999999999999,267.1,49.84,203.1,40.269999999999996,8.862,101.3,210.2,227.5,15.459999999999999,14.379999999999999,35.62,34.519999999999996,7.778,16.689999999999998,10.14,19.87,10.3,8.318,14.58,14.39,212.6,2118.0,98.24,9.45,69.5,72.94000000000001,13.09,80.5,36.97,76.84,45.93000000000001,27.57,13.45,208.89999999999998,24.490000000000002,133.5,215.60000000000002,138.5,7.06,30.68,180.7,31.35,41.26,105.5,48.75,12.0,37.15,121.5,429.0,27.05,45.37,27.990000000000002,20.8,20.8,388.69999999999993,18.159999999999997,18.29,51.89999999999999,8.578,29.9,9.904,10.940000000000001,24.45,61.5,30.880000000000003,33.919999999999995,43.349999999999994,76.72,64.6,41.53999999999999,28.259999999999998,21.130000000000003,83.79999999999998,76.58,12.7,29.260000000000005,11.39,24.45,7.809999999999999,11.099999999999998,17.6,17.35,216.0,216.29999999999995,20.0,8.81,22.82,7.68,9.06,13.65,16.82,6.206,15.969999999999999,52.5,122.9,12.4,53.6,62.54,17.68,67.96000000000001,11.45,31.070000000000004,323.8,66.5,150.0,31.19,52.46000000000001,8.443999999999999,60.28,67.4,70.46000000000001,83.97999999999999,510.4,348.2,379.6,331.5,89.26,29.729999999999997,209.5,218.0,14.25,163.2,139.1,92.6,207.0,35.88,79.48,36.89
25.619999999999997,24.919999999999998,52.8,74.66,55.660000000000004,69.61999999999999,22.85,419.40000000000003,17.75,49.940000000000005,322.5,233.5,31.72,11.620000000000001,136.2,34.07,75.6,52.1,138.6,61.339999999999996,267.0,49.8,203.0,40.17,8.862,101.39999999999999,210.0,226.9,15.479999999999999,14.399999999999999,35.58,34.519999999999996,7.7780000000000005,16.64,10.130000000000003,19.889999999999997,10.28,8.302000000000001,14.629999999999999,14.399999999999999,212.7,2125.0,98.24,9.45,69.48,72.92,13.09,80.5,36.96,76.9,45.910000000000004,27.47,13.45,208.0,24.5,133.8,215.5,138.4,7.065999999999999,30.72,181.0,31.35,41.24,105.5,48.69000000000001,11.979999999999999,37.15,121.3,429.0,27.05,45.4,27.97,20.770000000000003,20.790000000000003,389.5,18.15,18.27,51.89999999999999,8.554,29.85,9.902,10.94,24.37,61.540000000000006,30.85,34.04,43.41,76.75999999999999,64.53999999999999,41.55,28.28,21.14,83.63999999999999,76.38,12.7,29.16,11.440000000000001,24.45,7.809999999999999,11.12,17.59,17.35,216.0,215.0,20.019999999999996,8.81,22.82,7.68,9.06,13.619999999999997,16.76,6.21,15.95,52.519999999999996,123.0,12.39,53.6,62.58,17.69,67.86000000000001,11.46,31.060000000000002,323.9,66.67999999999999,150.0,31.18,52.400000000000006,8.44,60.34,67.36,70.48,83.92,510.4,348.29999999999995,380.0,331.4,89.28,29.699999999999996,209.5,218.0,14.25,163.60000000000002,139.1,92.68,207.0,35.88,79.36,36.9
25.64,24.909999999999997,52.8,74.78,55.68000000000001,69.7,22.85,419.3,17.79,49.95,322.1,232.5,31.72,11.61,136.3,34.03,75.56,52.1,138.5,61.34,267.0,49.69,203.0,40.09,8.841999999999999,101.3,210.0,226.39999999999998,15.49,14.399999999999999,35.59,34.54,7.776000000000001,16.63,10.14,19.87,10.259999999999998,8.3,14.63,14.389999999999997,212.7,2129.0,98.27999999999999,9.443999999999999,69.42,72.82000000000001,13.09,80.46000000000001,36.93,77.0,45.82,27.53,13.45,207.2,24.490000000000002,133.79999999999998,215.1,138.20000000000002,7.066,30.7,180.70000000000002,31.35,41.260000000000005,105.5,48.650000000000006,12.0,37.15,121.0,430.0,27.03,45.35,27.990000000000002,20.75,20.8,388.9,18.13,18.25,51.839999999999996,8.548,29.85,9.906,10.95,24.35,61.6,30.85,34.03,43.46000000000001,76.67999999999999,64.5,41.519999999999996,28.220000000000002,21.110000000000003,83.6,76.12,12.7,29.18,11.400000000000002,24.45,7.809999999999999,11.099999999999998,17.590000000000003,17.330000000000002,215.6,215.1,20.03,8.81,22.840000000000003,7.6739999999999995,9.06,13.599999999999998,16.8,6.208,15.959999999999999,52.18000000000001,122.69999999999999,12.379999999999999,53.5,62.64,17.69,67.72,11.440000000000001,31.05,323.1,66.42,150.1,31.19,52.400000000000006,8.44,60.18000000000001,67.4,70.36,83.82,510.0,347.9,380.0,329.7,89.3,29.65,209.5,217.89999999999998,14.29,164.0,139.2,92.69999999999999,207.0,35.83,79.3,36.86
25.63,24.930000000000003,52.8,74.94000000000001,55.7,69.8,22.810000000000002,419.5,17.74,49.95,322.3,232.89999999999998,31.71,11.63,136.4,34.11,75.46,52.14,138.6,61.44,267.0,49.72,203.0,40.129999999999995,8.828,101.3,210.0,226.5,15.49,14.399999999999999,35.56,34.53,7.762,16.63,10.14,19.86,10.25,8.306000000000001,14.62,14.399999999999999,212.6,2120.0,98.24,9.426,69.4,72.76,13.100000000000001,80.44000000000001,36.92,77.08,45.67,27.52,13.4,206.8,24.5,133.1,214.0,138.29999999999998,7.024000000000001,30.65,180.0,31.35,41.24,105.5,48.57,11.95,37.15,121.0,430.4,27.0,45.35,27.93,20.79,20.79,388.0,18.15,18.26,51.8,8.537999999999998,29.820000000000004,9.892,10.95,24.35,61.6,30.82,33.96,43.480000000000004,76.78,64.52,41.5,28.2,21.11,83.5,76.02,12.7,29.259999999999998,11.43,24.45,7.809999999999999,11.11,17.55,17.32,214.9,215.5,20.019999999999996,8.81,22.830000000000005,7.67,9.06,13.599999999999998,16.820000000000004,6.204,16.0,52.18,122.7,12.39,53.5,62.64,17.66,67.72,11.43,31.009999999999998,323.2,66.46000000000001,150.0,31.169999999999998,52.42,8.442,60.099999999999994,67.4,70.48,83.84,510.0,348.09999999999997,380.0,328.8,89.32000000000001,29.63,209.5,218.0,14.29,164.0,139.4,92.69999999999999,207.0,35.85,79.3,36.84
25.65,24.93,52.8,75.0,55.64,69.8,22.800000000000004,419.5,17.71,49.97,323.09999999999997,232.5,31.679999999999996,11.65,136.2,34.17,75.44000000000001,52.18000000000001,138.6,61.44,267.0,49.75,203.0,40.11,8.828000000000001,101.3,209.9,226.6,15.5,14.389999999999997,35.55,34.529999999999994,7.742,16.62,10.14,19.86,10.23,8.304,14.61,14.399999999999999,212.8,2119.0,98.25999999999999,9.41,69.42,72.86,13.100000000000001,80.38000000000001,36.94,77.16,45.69,27.54,13.4,206.0,24.490000000000002,133.3,214.8,138.0,7.030000000000001,30.61,180.29999999999998,31.39,41.21000000000001,105.60000000000001,48.730000000000004,11.99,37.15,121.0,429.5,27.0,45.35,27.97,20.85,20.790000000000003,387.70000000000005,18.15,18.26,51.72,8.54,29.8,9.88,10.94,24.360000000000003,61.6,30.8,34.01,43.41,76.74,64.52000000000001,41.5,28.2,21.120000000000005,83.46,76.2,12.66,29.260000000000005,11.43,24.45,7.802000000000001,11.11,17.55,17.32,214.59999999999997,215.5,20.0,8.81,22.790000000000003,7.67,9.06,13.599999999999998,16.860000000000003,6.202,16.0,52.2,123.2,12.4,53.5,62.58,17.62,67.66,11.400000000000002,31.020000000000003,323.5,66.72,150.0,31.15,52.44,8.431999999999999,60.099999999999994,67.32,70.5,83.9,509.6,347.9,380.0,328.5,89.3,29.65,209.5,217.8,14.25,163.8,139.6,92.69999999999999,207.4,35.85,79.28,36.87
25.64,24.97,52.8,75.06,55.66000000000001,69.82,22.800000000000004,419.29999999999995,17.709999999999997,49.970000000000006,323.3,232.5,31.669999999999995,11.66,136.4,34.24,75.48,52.24000000000001,138.70000000000002,61.459999999999994,267.1,49.8,202.7,40.25,8.85,101.2,209.8,227.0,15.49,14.380000000000003,35.59,34.52,7.744,16.630000000000003,10.14,19.830000000000002,10.23,8.3,14.61,14.399999999999999,212.6,2120.0,98.3,9.42,69.44,73.03999999999999,13.100000000000001,80.38000000000001,36.92,77.12,45.69,27.509999999999998,13.36,206.39999999999998,24.5,133.3,215.0,138.0,7.030000000000001,30.6,180.5,31.369999999999997,41.25,106.0,48.730000000000004,11.989999999999998,37.14,120.9,429.5,27.0,45.35,27.909999999999997,20.85,20.82,385.3,18.17,18.25,51.760000000000005,8.55,29.8,9.888,10.94,24.37,61.6,30.830000000000005,34.019999999999996,43.44,76.78,64.5,41.46000000000001,28.119999999999997,21.1,83.18,76.38,12.650000000000002,29.22,11.420000000000002,24.45,7.800000000000001,11.11,17.560000000000002,17.35,215.5,215.5,20.0,8.806000000000001,22.76,7.668,9.062000000000001,13.599999999999998,16.83,6.193999999999999,16.0,52.2,123.5,12.379999999999999,53.5,62.54,17.64,67.86,11.41,31.05,323.8,66.82,150.0,31.15,52.46000000000001,8.43,60.099999999999994,67.38000000000001,70.56,83.94,509.0,348.0,380.0,329.2,89.3,29.669999999999998,209.5,217.5,14.23,164.09999999999997,140.0,92.69999999999999,207.89999999999998,35.85,79.2,36.85
25.64,24.97,52.85999999999999,75.03999999999999,55.660000000000004,69.9,22.810000000000002,419.6,17.740000000000002,50.019999999999996,322.9,232.0,31.65,11.64,136.5,34.28,75.5,52.26,138.6,61.47999999999999,267.0,49.85,202.79999999999998,40.25,8.854,101.19999999999999,210.0,226.9,15.489999999999998,14.389999999999997,35.6,34.54,7.744,16.630000000000003,10.150000000000002,19.84,10.25,8.296,14.6,14.420000000000002,212.5,2124.0,98.28,9.43,69.44,73.16,13.080000000000002,80.3,36.97,77.2,45.629999999999995,27.6,13.35,206.4,24.509999999999998,133.4,214.9,138.0,7.0280000000000005,30.6,180.39999999999998,31.35,41.220000000000006,105.7,48.769999999999996,11.959999999999999,37.1,120.5,429.5,27.03,45.31,27.93,20.82,20.85,384.9,18.2,18.26,51.7,8.56,29.810000000000002,9.898000000000001,10.969999999999999,24.38,61.6,30.909999999999997,34.120000000000005,43.480000000000004,76.88000000000001,64.5,41.53999999999999,28.06,21.15,83.1,76.44,12.650000000000002,29.25,11.45,24.45,7.800000000000001,11.05,17.55,17.32,214.70000000000002,215.5,20.0,8.808000000000002,22.759999999999998,7.67,9.066,13.599999999999998,16.8,6.198,16.0,52.120000000000005,123.5,12.38,53.48,62.620000000000005,17.66,67.9,11.45,31.060000000000002,323.59999999999997,66.86,150.0,31.15,52.56,8.43,60.03999999999999,67.38000000000001,70.7,83.98,508.6,348.0,381.5,329.0,89.3,29.75,209.5,217.20000000000002,14.219999999999999,164.0,140.0,92.69999999999999,207.7,35.83,79.2,36.81
25.62,24.92,52.96,75.03999999999999,55.78,69.86,22.800000000000004,419.4,17.76,50.0,322.5,232.0,31.67,11.65,136.5,34.31,75.5,52.160000000000004,138.6,61.5,267.1,49.85,203.0,40.24,8.844000000000001,101.60000000000001,209.8,227.0,15.489999999999998,14.399999999999999,35.61,34.55,7.766,16.63,10.150000000000002,19.89,10.239999999999998,8.302,14.6,14.440000000000001,212.3,2127.0,98.25999999999999,9.431999999999999,69.46000000000001,73.36,13.09,80.3,36.980000000000004,77.18,45.66,27.64,13.35,206.7,24.48,133.6,215.5,138.0,7.033999999999999,30.66,180.5,31.35,41.21,105.9,48.75,11.99,37.1,120.5,430.8,27.0,45.3,27.95,20.8,20.869999999999997,385.4,18.22,18.27,51.72,8.566,29.810000000000002,9.902000000000001,10.990000000000002,24.409999999999997,61.66000000000001,30.9,34.17,43.489999999999995,76.92,64.5,41.56,27.980000000000004,21.15,83.1,76.52,12.650000000000002,29.259999999999998,11.45,24.490000000000002,7.805999999999999,11.059999999999999,17.55,17.330000000000002,214.5,215.60000000000002,20.0,8.81,22.770000000000003,7.67,9.07,13.63,16.8,6.204000000000001,16.0,52.14,123.6,12.4,53.44,62.46000000000001,17.65,67.9,11.41,31.080000000000005,323.6,67.04,150.5,31.190000000000005,52.519999999999996,8.43,60.08,67.3,70.66,84.0,510.0,348.29999999999995,382.5,328.8,89.3,29.71,209.5,217.2,14.25,164.4,139.5,92.69999999999999,208.40000000000003,35.839999999999996,79.08,36.83
25.639999999999997,24.91,53.0,75.02,55.68000000000001,69.82,22.810000000000002,418.9,17.759999999999998,50.0,322.5,231.8,31.669999999999998,11.64,136.7,34.28,75.52,52.06,138.4,61.46000000000001,266.8,49.87,203.0,40.22,8.84,101.7,209.9,226.9,15.5,14.43,35.59,34.519999999999996,7.782,16.639999999999997,10.14,19.89,10.239999999999998,8.302000000000001,14.6,14.45,212.3,2126.0,98.25999999999999,9.437999999999999,69.44,73.4,13.100000000000001,80.19999999999999,36.97,77.11999999999999,45.66,27.619999999999997,13.35,206.5,24.470000000000002,133.3,215.89999999999998,138.0,7.039999999999999,30.669999999999998,180.5,31.35,41.24,105.80000000000001,48.78999999999999,12.0,37.1,120.4,430.19999999999993,27.0,45.32,27.939999999999998,20.8,20.83,385.49999999999994,18.2,18.24,51.739999999999995,8.552000000000001,29.8,9.9,10.95,24.439999999999998,61.7,30.8,34.11,43.53,76.82,64.5,41.519999999999996,27.839999999999996,21.14,83.1,76.46000000000001,12.650000000000002,29.2,11.420000000000002,24.45,7.800000000000001,11.099999999999998,17.55,17.32,215.39999999999998,216.09999999999997,20.0,8.81,22.75,7.662,9.07,13.65,16.78,6.204000000000001,16.009999999999998,52.120000000000005,123.50000000000001,12.4,53.6,62.57999999999999,17.62,67.82000000000001,11.420000000000002,31.05,323.7,66.94,150.9,31.16,52.46000000000001,8.43,60.04,67.24,70.58,83.97999999999999,510.0,348.59999999999997,381.90000000000003,328.90000000000003,89.3,29.65,209.5,217.89999999999998,14.25,164.39999999999998,139.5,92.69999999999999,208.5,35.83,78.88,36.8
25.62,24.91,52.96,75.0,55.64,69.72,22.800000000000004,418.4,17.729999999999997,50.0,322.5,231.5,31.64,11.64,136.2,34.22,75.42,52.06,138.0,61.42,266.7,49.730000000000004,202.9,40.13,8.84,101.5,209.09999999999997,226.2,15.479999999999999,14.43,35.59,34.54,7.7620000000000005,16.64,10.09,19.93,10.23,8.304,14.61,14.419999999999998,212.20000000000002,2129.0,98.27999999999999,9.437999999999999,69.4,73.28,13.100000000000001,80.26,36.87,77.12,45.58,27.560000000000002,13.36,206.3,24.45,133.39999999999998,216.0,137.9,7.016,30.65,180.5,31.35,41.25,105.5,48.76,11.979999999999999,37.1,120.29999999999998,431.0,27.0,45.31999999999999,27.93,20.78,20.86,385.2,18.16,18.22,51.760000000000005,8.542,29.8,9.908,10.95,24.409999999999997,61.620000000000005,30.8,34.06,43.529999999999994,76.76,64.5,41.5,27.840000000000003,21.12,83.14,76.34,12.650000000000002,29.2,11.41,24.44,7.802,11.09,17.54,17.32,215.6,216.0,20.0,8.81,22.76,7.658,9.07,13.65,16.79,6.206,16.0,52.120000000000005,123.39999999999999,12.39,53.68000000000001,62.599999999999994,17.54,67.8,11.420000000000002,31.05,323.1,66.8,150.5,31.15,52.46,8.43,60.16,67.3,70.5,84.0,511.0,348.09999999999997,381.9,329.0,89.38,29.65,209.5,218.39999999999998,14.23,164.2,139.5,92.69999999999999,208.5,35.83,78.7,36.76
25.63,24.92,52.96,75.0,55.620000000000005,69.6,22.800000000000004,418.29999999999995,17.7,50.0,322.4,233.0,31.630000000000003,11.61,136.1,34.2,75.32000000000001,52.06,138.10000000000002,61.4,266.5,49.730000000000004,203.0,40.129999999999995,8.831999999999999,101.6,209.4,225.79999999999998,15.5,14.429999999999996,35.57,34.51,7.768000000000001,16.64,10.1,19.939999999999998,10.25,8.302000000000001,14.61,14.409999999999997,212.3,2126.0,98.22,9.437999999999999,69.46,73.24,13.100000000000001,80.3,36.85,77.05999999999999,45.379999999999995,27.480000000000004,13.38,206.0,24.45,133.2,216.2,137.5,7.022,30.62,180.5,31.35,41.25,105.5,48.76,11.939999999999998,37.11,120.5,432.0,26.96,45.3,27.919999999999998,20.770000000000003,20.9,385.20000000000005,18.15,18.14,51.7,8.54,29.77,9.904,10.91,24.39,61.6,30.82,34.07,43.55,76.74,64.52,41.47,27.82,21.15,83.1,76.24000000000001,12.650000000000002,29.15,11.440000000000001,24.409999999999997,7.807999999999998,11.079999999999998,17.560000000000002,17.33,215.5,216.0,19.96,8.81,22.75,7.658,9.064,13.65,16.77,6.198,16.0,52.08,123.5,12.379999999999999,53.64,62.56,17.570000000000004,67.8,11.440000000000001,31.02,322.79999999999995,66.58,150.4,31.15,52.46000000000001,8.43,60.2,67.28,70.5,83.97999999999999,511.0,347.9,382.1,329.0,89.32000000000001,29.659999999999997,209.5,218.4,14.2,164.2,139.5,92.69999999999999,208.5,35.83,78.62,36.739999999999995
25.64,24.919999999999998,52.9,75.0,55.620000000000005,69.46,22.800000000000004,418.29999999999995,17.7,50.06,322.4,233.0,31.61,11.620000000000001,136.2,34.2,75.26,52.06,138.1,61.4,266.5,49.69,202.7,40.099999999999994,8.822000000000001,101.5,209.4,225.8,15.5,14.419999999999998,35.54,34.54,7.763999999999999,16.64,10.08,19.929999999999996,10.23,8.302,14.6,14.419999999999998,212.3,2121.0,98.28,9.437999999999999,69.48,73.24,13.080000000000002,80.23999999999998,36.81,77.02,45.44,27.5,13.35,205.8,24.479999999999997,133.3,216.3,137.5,7.026,30.62,180.2,31.35,41.2,105.5,48.75,11.95,37.11,120.4,430.0,26.979999999999997,45.3,27.9,20.75,20.84,385.0,18.15,18.19,51.7,8.531999999999998,29.699999999999996,9.904,10.92,24.37,61.6,30.8,34.1,43.56999999999999,76.66,64.5,41.47,27.770000000000003,21.12,82.98,76.22,12.650000000000002,29.2,11.43,24.43,7.805999999999999,11.09,17.55,17.310000000000002,215.7,216.0,19.97,8.814,22.71,7.65,9.06,13.599999999999998,16.78,6.186,15.969999999999999,52.040000000000006,123.5,12.4,53.6,62.68,17.560000000000002,67.84,11.41,30.959999999999994,322.20000000000005,66.5,150.1,31.11,52.5,8.432,60.16,67.3,70.5,83.92,510.8,347.7,382.1,328.9,89.3,29.699999999999996,209.5,218.39999999999998,14.229999999999999,163.7,139.5,92.61999999999999,208.5,35.83,78.54,36.75
25.619999999999997,24.9,52.9,75.0,55.60000000000001,69.34,22.840000000000003,418.4,17.69,50.0,322.5,233.0,31.61,11.6,136.3,34.21000000000001,75.28,52.040000000000006,138.1,61.4,266.09999999999997,49.66,202.8,40.05,8.83,101.6,209.09999999999997,225.6,15.49,14.409999999999997,35.54,34.5,7.755999999999999,16.64,10.09,19.89,10.219999999999999,8.302000000000001,14.6,14.419999999999998,212.20000000000002,2120.0,98.22,9.443999999999999,69.46,73.2,13.09,80.16,36.87,77.1,45.42999999999999,27.46,13.35,205.60000000000002,24.47,133.6,216.2,137.5,7.032,30.59,180.5,31.35,41.25,105.5,48.76,11.939999999999998,37.1,120.1,430.30000000000007,26.95,45.26,27.91,20.76,20.85,385.1,18.15,18.16,51.78,8.532,29.75,9.9,10.91,24.330000000000002,61.56,30.8,34.1,43.68000000000001,76.68,64.44,41.43000000000001,27.8,21.15,82.8,76.24,12.650000000000002,29.229999999999997,11.440000000000001,24.4,7.809999999999999,11.099999999999998,17.52,17.34,216.0,216.10000000000002,19.95,8.816,22.709999999999997,7.65,9.06,13.61,16.77,6.186,15.95,52.059999999999995,123.4,12.4,53.6,62.599999999999994,17.580000000000002,67.94000000000001,11.420000000000002,30.99,322.5,66.46000000000001,150.0,31.120000000000005,52.44,8.431999999999999,60.160000000000004,67.32,70.5,83.86,510.0,347.79999999999995,382.0,328.0,89.2,29.84,209.5,218.29999999999998,14.209999999999999,163.60000000000002,139.5,92.6,208.4,35.79,78.30000000000001,36.74
25.6,24.909999999999997,52.86,75.0,55.60000000000001,69.3,22.869999999999997,418.20000000000005,17.65,49.95,322.79999999999995,232.0,31.61,11.6,136.2,34.21,75.3,52.120000000000005,138.0,61.339999999999996,266.2,49.69,202.79999999999998,40.059999999999995,8.84,101.7,208.7,225.29999999999998,15.5,14.409999999999997,35.54,34.51,7.746,16.64,10.09,19.86,10.23,8.292,14.62,14.409999999999997,212.3,2125.0,98.27999999999999,9.446,69.46000000000001,73.16,13.100000000000001,80.11999999999999,36.870000000000005,77.16,45.379999999999995,27.450000000000003,13.3,206.0,24.470000000000002,133.29999999999998,216.5,137.5,7.032,30.580000000000002,180.2,31.35,41.220000000000006,105.5,48.72,11.899999999999999,37.1,120.60000000000002,428.7,26.990000000000002,45.2,27.95,20.78,20.9,385.5,18.14,18.169999999999998,51.739999999999995,8.533999999999999,29.75,9.904,10.92,24.33,61.5,30.8,34.129999999999995,43.650000000000006,76.66,64.4,41.4,27.709999999999997,21.14,82.82,76.1,12.650000000000002,29.229999999999997,11.41,24.44,7.809999999999999,11.099999999999998,17.5,17.35,215.5,216.5,20.03,8.81,22.7,7.65,9.066,13.65,16.830000000000002,6.1899999999999995,15.96,52.1,123.30000000000001,12.36,53.6,62.599999999999994,17.580000000000002,67.9,11.37,30.949999999999996,321.8,66.52,150.29999999999998,31.13,52.480000000000004,8.43,60.14,67.44000000000001,70.48,83.85999999999999,510.0,347.79999999999995,382.20000000000005,326.8,89.2,29.9,209.5,218.0,14.219999999999999,163.3,139.2,92.6,208.2,35.84,78.44,36.720000000000006
25.57,24.940000000000005,52.9,75.0,55.60000000000001,69.32,22.86,417.5,17.66,49.95,322.20000000000005,231.89999999999998,31.6,11.62,136.1,34.2,75.36,52.1,137.5,61.3,266.40000000000003,49.7,202.79999999999998,40.129999999999995,8.835999999999999,101.6,208.29999999999998,225.5,15.489999999999998,14.43,35.55,34.47,7.732000000000001,16.669999999999998,10.08,19.88,10.25,8.288,14.58,14.409999999999997,212.3,2129.0,98.22,9.452,69.46000000000001,73.02,13.09,80.1,36.87,77.16,45.37,27.46,13.3,206.0,24.45,133.2,216.39999999999998,137.5,7.032,30.59,180.0,31.35,41.21,105.5,48.74,11.919999999999998,37.089999999999996,120.5,429.9,26.95,45.17,27.95,20.78,20.9,385.4,18.12,18.159999999999997,51.72,8.524,29.72,9.9,10.9,24.32,61.5,30.86,34.18,43.64,76.64,64.42,41.4,27.770000000000003,21.13,82.72,75.98,12.650000000000002,29.21,11.420000000000002,24.45,7.800000000000001,11.099999999999998,17.419999999999998,17.32,215.7,216.5,20.009999999999998,8.81,22.74,7.648000000000001,9.068,13.65,16.81,6.186,15.95,52.04,123.4,12.4,53.52000000000001,62.56,17.580000000000002,67.80000000000001,11.35,30.959999999999994,320.9,66.68,150.4,31.129999999999995,52.42,8.43,60.11999999999999,67.32,70.36,83.75999999999999,510.2,348.0,382.4,326.5,89.2,30.13,209.09999999999997,218.0,14.25,163.10000000000002,139.4,92.6,208.5,35.83,78.5,36.7
25.59,24.930000000000003,52.86,75.0,55.540000000000006,69.38000000000001,22.85,417.7,17.669999999999998,49.99,322.20000000000005,231.5,31.62,11.63,136.1,34.26,75.4,52.1,137.7,61.32,266.7,49.79,202.5,40.11,8.824,101.5,208.10000000000002,226.40000000000003,15.489999999999998,14.41,35.55,34.48,7.722,16.62,10.1,19.88,10.21,8.286,14.59,14.43,212.10000000000002,2131.0,98.3,9.44,69.42,73.06,13.100000000000001,80.1,36.87,77.16,45.41,27.45,13.3,205.7,24.45,133.39999999999998,217.1,137.5,7.0440000000000005,30.56,179.8,31.39,41.26,105.5,48.69,11.89,37.05,120.6,430.9,26.95,45.15,27.99,20.75,20.93,385.1,18.15,18.16,51.7,8.534,29.709999999999994,9.895999999999999,10.93,24.31,61.5,30.85,34.160000000000004,43.6,76.67999999999999,64.42,41.36,27.770000000000003,21.15,82.66,75.92,12.650000000000002,29.130000000000003,11.420000000000002,24.48,7.809999999999999,11.099999999999998,17.4,17.3,216.0,216.5,19.96,8.81,22.73,7.65,9.068000000000001,13.65,16.85,6.192,15.959999999999999,52.1,123.29999999999998,12.4,53.58,62.58,17.570000000000004,67.78,11.35,31.0,320.9,66.58,150.39999999999998,31.15,52.34,8.437999999999999,60.099999999999994,67.34,70.3,83.84,510.0,348.29999999999995,382.0,326.70000000000005,89.26,30.160000000000004,209.0,218.3,14.24,163.4,139.5,92.6,209.0,35.809999999999995,78.46000000000001,36.66
25.560000000000002,24.93,52.879999999999995,75.0,55.52,69.42,22.869999999999997,418.6,17.72,50.0,322.4,232.3,31.6,11.63,136.1,34.31,75.4,52.1,137.7,61.31999999999999,266.5,49.8,202.5,40.099999999999994,8.806000000000001,101.80000000000001,208.5,226.2,15.49,14.420000000000002,35.55,34.46,7.726000000000001,16.62,10.08,19.85,10.2,8.286,14.61,14.379999999999999,211.7,2127.0,98.28,9.431999999999999,69.42,73.02,13.09,80.02,36.809999999999995,77.14,45.38,27.41,13.3,205.5,24.45,133.20000000000002,217.4,137.7,7.048,30.47,180.0,31.36,41.25,105.5,48.67,11.919999999999998,37.05,120.5,431.0,26.95,45.15,27.95,20.75,20.85,385.4,18.15,18.12,51.66,8.542,29.740000000000002,9.886000000000001,10.94,24.32,61.5,30.85,34.190000000000005,43.66000000000001,76.67999999999999,64.4,41.36,27.840000000000003,21.15,82.72,76.18,12.650000000000002,29.169999999999998,11.41,24.480000000000004,7.807999999999998,11.09,17.38,17.330000000000002,215.7,216.5,19.95,8.81,22.72,7.648,9.07,13.65,16.82,6.192,15.969999999999999,52.1,123.39999999999999,12.4,53.7,62.53999999999999,17.580000000000002,67.88,11.32,30.99,320.4,66.56,151.0,31.200000000000003,52.34,8.44,60.04,67.33999999999999,70.3,83.82,510.0,348.8,382.1,326.9,89.3,30.179999999999996,209.0,218.5,14.2,163.3,139.2,92.6,208.5,35.809999999999995,78.53999999999999,36.66
25.54,24.91,52.879999999999995,75.03999999999999,55.54,69.65999999999998,22.9,418.4,17.7,49.96000000000001,322.6,231.90000000000003,31.61,11.65,135.9,34.35,75.52,52.1,137.8,61.3,266.5,49.82,202.6,40.11,8.826,101.7,208.3,225.8,15.5,14.400000000000002,35.57,34.45,7.704,16.65,10.1,19.84,10.280000000000001,8.287999999999998,14.59,14.399999999999999,211.7,2125.0,98.28,9.452,69.4,72.88000000000001,13.100000000000001,80.03999999999999,36.88,77.13999999999999,45.37,27.450000000000003,13.31,205.90000000000003,24.429999999999996,133.20000000000002,217.20000000000002,138.0,7.04,30.380000000000003,179.9,31.36,41.22,105.5,48.68,11.879999999999999,37.059999999999995,120.2,431.0,26.95,45.18,28.0,20.76,20.89,385.2,18.159999999999997,18.1,51.62,8.543999999999999,29.78,9.905999999999999,10.95,24.310000000000002,61.58,30.85,34.220000000000006,43.71,76.67999999999999,64.44,41.39,27.85,21.16,82.66,76.28,12.650000000000002,29.240000000000002,11.420000000000002,24.5,7.807999999999998,11.07,17.39,17.38,215.6,216.5,19.97,8.81,22.72,7.648,9.07,13.65,16.8,6.194000000000001,15.95,52.1,123.8,12.4,53.7,62.54,17.6,67.97999999999999,11.33,30.99,320.0,66.55999999999999,151.29999999999998,31.16,52.379999999999995,8.44,60.0,67.36,70.34,83.96,509.4,349.7,382.5,326.0,89.3,30.2,209.3,218.5,14.2,163.7,139.0,92.6,208.5,35.9,78.61999999999999,36.660000000000004
25.54,24.919999999999998,52.9,75.02,55.60000000000001,69.8,22.9,419.5,17.71,49.95,323.0,231.5,31.6,11.66,135.60000000000002,34.37,75.56,52.08,137.9,61.2,266.5,49.83,202.6,40.08999999999999,8.83,101.80000000000001,208.89999999999998,225.4,15.5,14.32,35.54,34.45,7.718,16.65,10.09,19.88,10.32,8.287999999999998,14.59,14.379999999999999,211.8,2127.0,98.3,9.45,69.44000000000001,72.7,13.09,80.18,36.86,77.2,45.41,27.450000000000003,13.35,206.5,24.4,133.0,216.29999999999995,138.0,7.05,30.369999999999997,180.2,31.37,41.230000000000004,105.30000000000001,48.67,11.899999999999999,37.1,120.29999999999998,428.2,26.95,45.209999999999994,28.0,20.8,20.880000000000003,385.90000000000003,18.169999999999998,18.130000000000003,51.68000000000001,8.544,29.840000000000003,9.918,10.94,24.34,61.53999999999999,30.85,34.25,43.76,76.68,64.46,41.349999999999994,27.830000000000005,21.130000000000003,82.74,76.3,12.68,29.25,11.440000000000001,24.48,7.809999999999999,11.099999999999998,17.4,17.38,215.5,216.29999999999995,19.95,8.802,22.75,7.653999999999999,9.06,13.69,16.77,6.196,15.95,51.98,123.8,12.4,53.7,62.5,17.6,68.0,11.31,31.0,320.0,66.42,150.5,31.15,52.379999999999995,8.436,60.019999999999996,67.38,70.33999999999999,83.94,511.0,349.6,382.29999999999995,326.20000000000005,89.3,30.15,209.0,218.5,14.2,164.1,139.1,92.6,208.5,35.91,78.68,36.68
25.54,24.919999999999998,53.120000000000005,75.02,55.620000000000005,69.84,22.909999999999997,419.6,17.7,49.970000000000006,322.5,231.7,31.560000000000002,11.65,135.9,34.37,75.6,52.1,138.3,61.3,266.2,49.870000000000005,202.4,40.14,8.812000000000001,101.80000000000001,208.7,225.60000000000002,15.5,14.3,35.49,34.45,7.708,16.65,10.1,19.849999999999998,10.31,8.302,14.6,14.389999999999997,211.9,2131.0,98.26,9.436,69.53999999999999,72.6,13.09,80.22,36.84,77.2,45.43,27.47,13.35,206.0,24.4,132.8,216.7,138.0,7.065999999999999,30.4,180.4,31.4,41.24,105.0,48.62,11.870000000000001,37.1,120.29999999999998,427.5,26.91,45.45,27.93,20.8,20.9,385.6,18.19,18.179999999999996,51.660000000000004,8.554,29.85,9.911999999999999,10.94,24.360000000000003,61.5,30.85,34.21,44.05,76.66,64.48,41.37,27.83,21.18,82.78,76.36,12.7,29.239999999999995,11.45,24.46,7.809999999999999,11.099999999999998,17.39,17.38,215.5,216.0,19.98,8.8,22.75,7.664000000000001,9.06,13.7,16.78,6.199999999999999,15.969999999999999,51.94,123.8,12.349999999999998,53.62,62.839999999999996,17.61,67.94,11.31,31.090000000000003,321.20000000000005,66.48,150.5,31.17,52.3,8.437999999999999,60.03999999999999,67.46000000000001,70.32000000000001,83.96000000000001,511.0,349.4,382.00000000000006,326.79999999999995,89.3,30.15,209.0,218.3,14.2,164.2,139.5,92.6,208.3,35.94,78.72,36.71
25.53,24.93,53.18000000000001,74.92,55.60000000000001,69.58,22.880000000000003,419.5,17.73,50.08,322.9,232.4,31.520000000000003,11.65,135.6,34.31,75.46000000000001,52.1,137.6,61.279999999999994,266.09999999999997,49.730000000000004,202.4,40.11999999999999,8.814,101.69999999999999,208.8,225.70000000000002,15.49,14.280000000000001,35.46,34.4,7.680000000000001,16.64,10.1,19.88,10.32,8.304,14.58,14.370000000000001,211.59999999999997,2137.0,98.27999999999999,9.416,69.22,72.39999999999999,13.100000000000001,80.24,36.81,77.02,45.4,27.5,13.35,206.3,24.4,132.5,216.39999999999998,137.8,7.066000000000001,30.4,180.5,31.4,41.19,105.1,48.589999999999996,11.89,37.050000000000004,120.5,428.3,26.889999999999997,45.269999999999996,27.93,20.790000000000003,20.869999999999997,385.2,18.189999999999998,18.12,51.64,8.53,29.88,9.888,10.92,24.360000000000003,61.5,30.85,34.16,44.06,76.66,64.7,41.4,27.790000000000003,21.16,82.8,76.32,12.7,29.169999999999995,11.420000000000002,24.369999999999997,7.808,11.099999999999998,17.43,17.38,214.7,216.40000000000003,20.0,8.806000000000001,22.74,7.654,9.06,13.7,16.75,6.186,15.959999999999999,51.89999999999999,123.50000000000001,12.4,53.6,62.9,17.63,67.96,11.24,31.089999999999996,321.5,66.4,150.5,31.119999999999997,52.120000000000005,8.431999999999999,59.96,67.4,70.38000000000001,83.88,511.0,349.5,382.0,326.9,89.26,30.15,209.0,218.49999999999997,14.2,163.60000000000002,140.0,92.6,207.2,35.88,78.7,36.79
25.53,24.939999999999998,53.120000000000005,74.92,55.62000000000001,69.62,22.89,418.7,17.709999999999997,50.099999999999994,323.0,232.5,31.520000000000003,11.620000000000001,135.70000000000002,34.25,75.42,52.1,137.5,61.260000000000005,266.09999999999997,49.730000000000004,202.4,40.059999999999995,8.806000000000001,101.5,208.8,225.90000000000003,15.4,14.27,35.440000000000005,34.35,7.68,16.64,10.08,19.830000000000002,10.3,8.283999999999999,14.56,14.379999999999999,211.59999999999997,2140.0,98.44,9.414,69.30000000000001,72.5,13.100000000000001,80.34,36.8,77.0,45.35,27.5,13.35,206.10000000000002,24.48,132.6,215.1,137.5,7.071999999999999,30.380000000000003,179.60000000000002,31.4,41.18000000000001,105.0,48.59,11.86,37.01,120.1,429.0,26.85,45.2,27.93,20.790000000000003,20.869999999999997,385.7,18.15,18.12,51.6,8.52,29.869999999999997,9.866,10.93,24.37,61.5,30.83,34.15,43.739999999999995,76.5,64.8,41.42,27.71,21.15,82.85999999999999,76.2,12.670000000000002,29.19,11.43,24.34,7.812000000000001,11.09,17.45,17.38,214.29999999999998,216.5,20.009999999999998,8.8,22.7,7.644,9.05,13.7,16.75,6.182,15.959999999999999,51.89999999999999,123.5,12.4,53.660000000000004,62.86,17.64,67.94000000000001,11.25,31.07,320.70000000000005,66.26,150.2,31.119999999999997,52.08,8.43,59.64,67.42,70.47999999999999,83.82,511.0,349.1,381.9,326.5,89.11999999999999,30.2,209.0,218.1,14.239999999999998,163.5,139.9,92.6,206.7,35.870000000000005,78.64,36.82
25.560000000000002,24.96,53.08,74.9,55.56000000000001,69.74,22.95,418.5,17.66,50.08,322.79999999999995,232.5,31.51,11.62,135.70000000000002,34.17,75.33999999999999,52.06,137.9,61.220000000000006,266.9,49.730000000000004,202.3,40.05,8.822,101.5,208.40000000000003,225.6,15.41,14.25,35.470000000000006,34.339999999999996,7.698,16.65,10.09,19.82,10.31,8.282,14.6,14.379999999999999,211.0,2148.0,98.34,9.424,69.36,72.28,13.01,80.36,36.78,77.02,45.36,27.5,13.35,206.0,24.46,132.4,214.70000000000002,137.5,7.072000000000001,30.330000000000002,178.89999999999998,31.4,41.21,105.0,48.480000000000004,11.879999999999999,37.05,120.0,429.79999999999995,26.85,45.2,27.919999999999995,20.770000000000003,20.880000000000003,385.2,18.2,18.15,51.5,8.542,29.85,9.87,10.92,24.35,61.5,30.81,34.05,43.67,76.3,64.8,41.47,27.7,21.119999999999997,83.02,76.1,12.650000000000002,29.189999999999998,11.420000000000002,24.330000000000002,7.806000000000001,11.07,17.419999999999998,17.36,215.5,216.2,19.99,8.8,22.7,7.638000000000001,9.06,13.719999999999999,16.77,6.1739999999999995,15.959999999999999,52.040000000000006,123.29999999999998,12.39,53.62,62.540000000000006,17.61,67.9,11.25,31.089999999999996,320.1,66.16,150.4,31.1,52.0,8.431999999999999,59.760000000000005,67.48,70.68,83.82,510.0,348.20000000000005,381.6,326.5,88.96000000000001,30.18,209.0,218.2,14.2,163.5,139.8,92.6,207.0,35.8,78.58,36.93
25.6,24.96,53.06,74.98,55.58000000000001,69.75999999999999,22.98,418.70000000000005,17.669999999999998,50.08,322.99999999999994,233.0,31.51,11.65,135.79999999999998,34.17,75.32,52.08,137.9,61.24,266.6,49.67,202.3,40.029999999999994,8.832,101.5,208.5,225.2,15.43,14.28,35.49,34.32,7.722,16.669999999999998,10.08,19.84,10.259999999999998,8.283999999999999,14.59,14.399999999999999,210.6,2157.0,98.22,9.466000000000001,69.36,72.17999999999999,13.01,80.52000000000001,36.81,76.82,45.35,27.510000000000005,13.32,206.2,24.46,132.6,214.6,137.5,7.0760000000000005,30.36,178.60000000000002,31.369999999999997,41.24,105.0,48.480000000000004,11.919999999999998,37.05,120.0,428.5,26.83,45.160000000000004,27.929999999999996,20.75,20.88,385.7,18.23,18.169999999999998,51.5,8.54,29.830000000000005,9.892000000000001,10.91,24.38,61.5,30.8,33.839999999999996,43.92,76.10000000000001,64.72,41.440000000000005,27.730000000000004,21.080000000000002,83.1,76.08,12.650000000000002,29.220000000000002,11.35,24.32,7.798000000000002,11.079999999999998,17.409999999999997,17.36,215.3,216.0,20.0,8.802000000000001,22.7,7.65,9.06,13.75,16.75,6.164000000000001,15.969999999999999,51.98,123.5,12.4,53.6,62.56,17.62,67.92,11.31,31.060000000000002,320.0,66.22,151.1,31.1,51.96,8.427999999999999,59.92,67.44,71.03999999999999,83.82,510.0,347.29999999999995,381.0,326.79999999999995,88.92,30.15,209.0,218.60000000000002,14.209999999999999,163.5,140.1,92.62,207.2,35.8,78.68,37.019999999999996
25.6,24.93,53.06,75.14,55.58,69.74,22.96,417.69999999999993,17.689999999999998,50.06,323.5,233.39999999999998,31.520000000000003,11.65,136.0,34.25,75.36,52.1,137.7,61.220000000000006,266.3,49.65,202.20000000000002,40.029999999999994,8.838000000000001,101.6,208.60000000000002,225.5,15.45,14.27,35.51,34.37,7.74,16.689999999999998,10.12,19.889999999999997,10.26,8.283999999999999,14.56,14.389999999999997,210.3,2173.0,98.25999999999999,9.476,69.44,72.46,13.02,80.64,36.84,76.62,45.37,27.48,13.34,206.39999999999998,24.43,132.6,215.5,137.5,7.068,30.39,179.0,31.309999999999995,41.26,105.1,48.59,11.95,37.05,120.19999999999999,428.0,26.8,45.15,27.96,20.75,20.88,383.80000000000007,18.22,18.15,51.56,8.54,29.779999999999998,9.874,10.91,24.4,61.6,30.919999999999998,33.870000000000005,43.809999999999995,76.14,64.7,41.43,27.74,21.03,83.03999999999999,76.06,12.650000000000002,29.25,11.400000000000002,24.330000000000002,7.79,11.079999999999998,17.409999999999997,17.32,215.2,216.0,19.990000000000002,8.808,22.689999999999998,7.66,9.058,13.75,16.8,6.154,16.0,51.96,123.6,12.45,53.64,62.76,17.59,68.18,11.31,31.07,320.0,66.36,151.5,31.130000000000003,52.1,8.426,60.07999999999999,67.5,71.44,83.74000000000001,509.6,347.5,382.3,327.79999999999995,88.91999999999999,30.129999999999995,209.0,218.39999999999998,14.260000000000002,164.3,140.4,92.66,207.4,35.809999999999995,78.88,36.99
25.5,24.950000000000003,53.0,75.4,55.5,69.8,22.95,416.0,17.8,50.0,323.0,233.0,31.5,11.7,136.5,34.15,75.5,52.0,137.5,61.1,266.0,49.95,201.5,40.2,8.82,102.0,209.0,225.0,15.45,14.3,35.35,34.1,7.720000000000001,16.65,10.05,19.8,10.4,8.3,14.55,14.350000000000001,209.5,2240.0,98.3,9.49,69.3,72.1,13.0,81.0,36.75,76.7,45.64999999999999,27.4,13.45,205.5,24.3,133.0,214.0,137.0,7.07,30.35,179.0,31.299999999999997,41.1,105.0,48.849999999999994,11.899999999999999,37.05,119.5,428.0,26.8,45.15,27.9,20.75,20.9,382.0,18.2,18.2,51.5,8.53,29.75,9.84,10.9,24.25,61.4,31.05,33.85,44.0,76.0,64.4,41.349999999999994,27.800000000000004,20.949999999999996,82.8,76.2,12.650000000000002,29.45,11.35,24.25,7.800000000000001,11.05,17.35,17.35,216.0,215.0,19.95,8.8,22.65,7.640000000000001,9.05,13.75,16.75,6.14,15.95,52.1,124.0,12.4,53.7,62.5,17.7,68.5,11.3,31.0,318.5,66.1,150.5,31.15,51.89999999999999,8.41,60.0,67.4,71.5,84.0,510.0,346.0,381.0,330.0,88.2,30.049999999999997,210.0,218.0,14.3,164.5,140.5,92.8,207.0,35.8,79.0,36.9
